API WELL  NUMBER,OIL,GAS,BRINE
34013205830000,0,0,0
34013206190000,0,0,0
34013206200000,0,0,0
34013206530000,240,6923,225
34013206540100,0,147097,2511
34013206570100,0,123035,830
34013206580100,54,288690,4380
34013206600100,0,193272,871
34013206610000,0,255755,2222
34013206680100,0,268040,1771
34013206700100,0,285406,2692
34013206720000,0,330479,3279
34013206730000,0,353066,1589
34013206740000,0,253106,1736
34013206750100,0,164920,2837
34013206770000,0,351752,3431
34013206790000,0,439562,2970
34013206800000,0,138846,1282
34013206810000,0,284309,1896
34013206820000,0,329312,3577
34013206830000,0,373369,5074
34013206840000,0,364391,6402
34013206850000,0,406413,1199
34013206870000,0,357730,2505
34013206880000,0,364305,907
34013206890000,0,203263,835
34013206900000,20,478518,3792
34013206910000,28,131154,1460
34013206930000,0,668620,8626
34013206960000,0,457399,4173
34013206970000,88,537148,2499
34013206990000,0,475270,7906
34013207030000,0,380802,1119
34013207040000,0,241304,2056
34013207050000,506,70611,1054
34013207060000,0,152794,813
34013207070000,0,314534,1481
34013207080000,0,175757,842
34013207090000,0,386818,1760
34013207110000,474,60534,1013
34013207120000,1184,147809,2471
34013207130000,786,109390,1658
34013207150000,0,1054581,15958
34013207160000,7,458904,5877
34013207170000,6,489065,5068
34013207190000,0,290035,3638
34013207210000,0,787022,11149
34013207220000,0,325246,4782
34013207250000,12,187707,2171
34013207260000,23,140978,2107
34013207270000,225,409635,4359
34013207280000,557,86101,46
34013207290000,0,267013,2852
34013207300000,0,388810,1781
34013207310000,0,417092,3469
34013207320000,0,228852,2743
34013207330000,0,310917,2274
34013207340000,0,321430,653
34013207350000,0,283980,2024
34013207370000,0,636228,2417
34013207400000,0,747462,2511
34013207410000,0,579562,3612
34013207420000,0,389685,4153
34013207430000,0,552328,3895
34013207460000,0,998916,22042
34013207470000,0,901508,20223
34013207480000,0,367075,2159
34013207490000,0,368675,1623
34013207500000,0,217978,1424
34013207510000,0,238504,1553
34013207520000,0,294914,3552
34013207530000,0,243496,1586
34013207540000,0,327892,2766
34013207570100,0,420417,3670
34013207580000,0,343889,3782
34013207590000,0,383036,4449
34013207610000,0,279672,1375
34013207620000,0,373528,1443
34013207630000,0,309800,1410
34013207640000,0,339655,1388
34013207650000,0,415044,1751
34013207670000,0,466806,3003
34013207680000,0,337954,6695
34013207690000,0,814138,9379
34013207700000,0,186493,2556
34013207710000,0,149817,5733
34013207720000,0,243336,3796
34013207760000,0,413198,3543
34013207780000,0,840390,12356
34013207790000,0,653130,9608
34013207800000,0,490142,1597
34013207820000,0,599394,2404
34013207830000,1,443655,1751
34013207840000,1,308932,2137
34013207850000,0,320429,6423
34013207890000,0,984289,17088
34013207900000,0,1230326,18402
34013207910000,0,56962,896
34013207920000,0,395793,4968
34013207930000,0,556580,6821
34013207940000,0,469499,5629
34013207960000,0,65755,564
34013207970000,0,1058827,11503
34013207980000,0,635619,6928
34013207990000,0,1156463,12568
34013208000000,0,165760,2232
34013208010000,0,154973,2704
34013208020000,0,228062,1757
34013208030000,0,369624,1703
34013208040000,0,342646,2140
34013208050000,0,294292,2276
34013208070000,0,74800,2370
34013208080000,0,1177798,11058
34013208090000,0,1143682,19292
34013208100000,0,422603,1149
34013208110000,0,380271,1929
34013208120000,0,270657,2921
34013208130000,0,370205,5185
34013208140000,0,234117,3633
34013208170000,0,982279,13548
34013208180000,0,815235,11290
34013208200000,0,507883,8124
34013208210000,0,365788,5906
34013208220000,0,430158,6888
34013208230000,0,282851,2334
34013208240000,0,381506,2370
34013208250000,0,413601,1137
34013208270000,0,875194,23530
34013208280000,0,701521,19020
34013208300000,0,859473,23328
34013208320000,0,445050,2034
34013208330000,0,493364,2255
34013208340000,586,358997,2164
34013208350000,1112,384133,2307
34013208360000,696,339063,2051
34013208370000,1503,320432,1935
34013208380000,1336,279685,1693
34013208440000,0,463958,2148
34013208450000,0,1162252,24624
34013208470000,0,1304510,27490
34013208480000,0,258029,6587
34013208490000,0,1097803,16193
34013208500000,0,1562055,14883
34013208510000,0,234481,4553
34013208520000,0,500211,2277
34013208530000,4,551906,2531
34013208540000,0,166996,2063
34013208550000,0,312898,2124
34013208560000,0,386043,1737
34013208570000,0,172238,2762
34013208580000,0,529900,2195
34013208590000,0,215855,2644
34013208600000,0,840830,8550
34013208610000,0,260580,773
34013208630000,0,269972,1203
34013208640000,0,236194,931
34013208660000,0,478956,1635
34013208680000,0,730035,8169
34013208690000,0,410009,10614
34013208700000,0,688961,10038
34013208710000,0,478278,5199
34013208720000,0,835664,3605
34013208730000,0,675018,3631
34013208740000,0,1054651,27502
34013208750000,0,501800,2757
34013208760000,0,333979,1487
34013208770000,0,742351,10400
34013208780000,0,1038946,25772
34013208790000,0,1010371,25054
34013208800000,0,843510,21113
34013208810000,0,797852,19346
34013208820000,5,447781,4856
34013208830000,4,370666,4536
34013208840000,4,572887,5052
34013208850000,0,124719,5094
34013208860000,1,571903,1370
34013208870000,1,815270,1497
34013208880000,1,541279,1468
34013208890000,0,408029,23709
34013208900000,0,240167,5098
34013208910000,0,248002,3555
34013208920000,0,441194,7620
34013208930100,0,723360,957
34013208940000,0,577841,2717
34013208950000,0,640606,5559
34013208960000,0,596299,4831
34013208970000,0,572184,7175
34013208980000,0,360683,1424
34013208990000,0,249214,2850
34013209000000,0,185343,1422
34013209010000,0,213546,750
34013209020000,0,856994,16818
34013209030000,0,726795,14298
34013209040000,0,508350,10137
34013209050000,0,268332,5612
34013209070000,0,790741,4324
34013209080000,0,610189,2248
34013209140000,0,731998,3728
34013209150000,0,629494,2450
34013209170000,1,428937,2357
34013209180000,1,544894,2291
34013209190000,1,488746,2125
34013209230000,0,0,0
34013209240000,0,175406,2754
34013209260000,0,650954,2598
34013209280000,0,361472,1447
34013209290000,0,400788,1636
34013209360000,0,816652,2383
34013209370000,0,565031,3623
34013209380000,0,883685,8283
34013209390000,0,651816,1403
34013209410000,0,662438,29514
34013209420000,0,404597,17781
34013209460000,0,560283,22824
34013209480000,0,697149,29387
34013209490000,0,746705,9069
34013209500000,0,406613,5555
34013209510000,0,1261168,6393
34013209520000,0,775568,13548
34013209550000,0,899719,14800
34013209560000,0,753233,12266
34013209570000,0,854818,1969
34013209580000,0,1287659,20631
34013209590000,0,1536649,23907
34013209600000,0,929672,7578
34013209610000,0,579673,7578
34013209630000,0,696072,7567
34013209640000,0,483427,5318
34013209650000,0,803264,60039
34013209660000,0,853536,27174
34013209680000,0,512170,5359
34013209700000,0,465836,6451
34013209710000,0,612020,4229
34013209720000,0,525461,4098
34013209730000,0,550872,5356
34013209740100,0,653705,27326
34013209750000,0,406492,16877
34013209760000,0,303811,3870
34013209770000,0,674662,3212
34013209780000,0,445191,3356
34013209790000,0,652744,3909
34013209880000,0,472294,4575
34013209890000,0,348840,4185
34013209900000,0,369504,4255
34013209910000,0,567728,8071
34013209920000,0,155697,1535
34013209930000,0,321601,3006
34013209940000,0,0,0
34013209950000,0,722731,8824
34013209960000,0,60415,1107
34013209970000,0,107957,1036
34013209980000,0,159299,462
34013210000000,0,347994,11834
34013210010000,0,693730,26386
34013210020100,0,213430,7094
34013210030000,0,1193461,14124
34013210070000,0,985129,10888
34013210080000,0,510625,8921
34013210090000,0,492476,9824
34013210100000,0,464595,18295
34013210110000,0,512702,20447
34013210120000,0,315091,12449
34013210130000,0,391190,4943
34013210140000,0,486523,5714
34013210150000,0,397385,4511
34013210190000,0,1130493,25992
34013210200000,0,675528,4160
34013210210000,0,839357,7584
34013210220000,0,1040188,184
34013210230000,0,353714,976
34013210240000,0,883329,13234
34013210250000,0,925038,11815
34013210270000,0,649757,1714
34013210280000,0,239080,1573
34013210290000,0,536978,2912
34013210300000,0,582794,8808
34013210310000,0,1068092,3222
34013210370000,0,1112485,19893
34013210380000,0,1161143,20918
34013210390000,0,1042699,20307
34013210420000,0,713524,5482
34013210430000,0,623964,7834
34013210440000,0,603997,10467
34013210460000,0,902656,15882
34013210470000,0,1012903,19364
34013210500000,0,2104402,40978
34013210510000,0,990052,19044
34013210520000,0,663644,12778
34013210530000,0,622295,11392
34013210590000,0,1014722,6282
34013210610000,0,1103626,5489
34013210620000,0,600092,2937
34013210630000,0,1153123,6534
34013210640000,0,696082,3004
34013210650000,0,791084,11943
34013210670000,0,1097500,16520
34013210680000,0,917538,13819
34013210690000,0,949113,14165
34013210700000,0,1188923,16882
34013210710000,0,1661010,23561
34013210720000,0,1967950,43614
34013210730000,0,1330441,30064
34013210740000,0,1367731,30531
34013210750000,0,1164449,26181
34013210760000,0,942647,21411
34013210770000,0,1657720,24010
34013210780000,0,1432753,21151
34013210790000,0,1338278,19506
34013210800000,0,806289,6091
34013210820000,0,995672,2013
34013210830000,0,707200,4295
34013210840000,0,923548,3762
34013210850100,0,1696458,22678
34013210860000,0,1428324,19071
34013210870000,0,680449,5111
34013210880000,0,608777,6121
34013210890000,0,873455,6264
34013210900000,0,1055153,7025
34013210910000,0,582031,3813
34013210920000,0,571801,7693
34013210930000,0,1174438,9986
34013210940000,0,1144406,9666
34013210950000,0,739517,7900
34013210960000,0,1252784,17348
34013210970000,0,1365248,21829
34013210980000,0,992689,8254
34013210990000,0,1877059,12722
34013211000000,0,1167876,6013
34013211010000,0,953136,2791
34013211030000,0,642530,5135
34013211050000,0,926375,13919
34013211060000,0,215724,1886
34013211070000,0,1153448,6206
34013211080000,0,5712959,72810
34013211090000,1,4303661,57513
34013211100000,0,724213,33827
34013211110000,0,1040574,8795
34013211120000,0,1032648,8610
34013211130000,0,996998,9606
34013211140000,0,675460,5142
34013211150000,0,1862324,46000
34013211160000,0,730803,19681
34013211170100,0,919227,21355
34013211180000,0,1447953,35247
34013211190000,0,4092863,59991
34013211200000,0,3526098,51369
34013211210000,0,2502781,36935
34013211220000,0,4049323,58649
34013211230000,0,543387,10285
34013211240000,0,528177,10012
34013211250000,0,636839,12164
34013211260000,0,492747,9349
34013211270000,0,612934,11762
34013211280000,0,0,0
34013211290000,0,1254942,8046
34013211300000,0,1752985,13931
34013211310000,0,888012,7364
34013211320000,0,722725,10346
34013211330000,0,1208931,7779
34013211340000,0,1046701,8297
34013211350000,0,1640371,54843
34013211360000,0,1266537,41780
34013211370000,0,785490,6264
34013211380000,0,610058,11044
34013211390100,0,930005,12554
34013211400000,0,484434,5372
34013211410000,0,1141864,16602
34013211420000,0,1659796,53923
34013211430100,0,1185802,40632
34013211440000,0,1324734,43293
34013211450000,0,1364511,45140
34013211460000,0,1850665,59670
34013211470000,0,1158330,13608
34013211480000,0,874582,1862
34013211490000,0,1676116,4639
34013211500000,0,482085,5225
34013211560000,0,764015,4473
34013211570000,0,1561552,23568
34013211580000,0,737582,4246
34013211590000,0,1842578,16656
34013211600000,0,940089,5892
34013211610000,0,971153,6097
34013211620000,0,1192307,8935
34013211640100,0,904541,7609
34013211650000,0,812140,7219
34013211660000,0,1364144,8368
34013211670000,0,1564467,17203
34013211680000,0,1520780,8661
34013211690000,0,1311036,8234
34013211700000,0,701654,22434
34013211720000,0,1406408,21104
34013211730000,0,1264076,19063
34013211750000,0,1869451,35380
34013211760000,0,1215628,8897
34013211770000,0,581625,4698
34013211780000,0,791921,7184
34013211790000,0,1009179,7390
34013211800000,0,681202,7773
34013211810000,0,1197608,12752
34013211820000,0,1314008,25211
34013211830000,0,2563461,46931
34013211840000,0,1245955,18131
34013211850000,0,825124,10681
34013211860000,0,1331512,11843
34013211870000,0,5861367,76599
34013211880000,0,1028251,13985
34013211890000,0,6011857,80885
34013211900000,0,2564159,40561
34013211910000,0,6792041,107711
34013211920000,0,7158223,112374
34013211930000,0,1094933,9170
34013211940000,0,2659322,63654
34013211950000,0,1630258,36439
34013211960000,0,2016134,47612
34013211970000,0,335757,7948
34013211980000,0,1921125,44313
34013212110000,0,6445086,127188
34013212120000,0,6289783,124312
34013212130000,0,4031732,79204
34013212140000,0,3214999,63007
34013212150000,0,2842957,54937
34013212160000,0,3283586,64462
34013212170000,0,1527946,29304
34013212180000,0,1487220,28796
34013212190000,0,1760365,34381
34013212200000,0,1592304,30351
34013212210000,0,1626167,31459
34013212220000,0,1555149,30662
34013212230000,0,1256611,26011
34013212290000,0,607884,3548
34013212300000,0,933345,3161
34013212310000,0,750023,3238
34013212320000,0,1861416,9823
34013212330100,0,1416089,12002
34013212340000,0,2351566,15477
34013212350000,0,1205778,4843
34013212360000,0,883279,3987
34013212370000,0,1084650,6324
34013212380100,0,1254340,2236
34013212390000,0,1228280,12341
34013212400000,0,802108,7066
34013212410000,0,1130529,9022
34013212420000,0,838616,7281
34013212430000,0,1514933,7006
34013212440000,0,1226259,8535
34013212450000,0,1019586,5740
34013212460000,0,636089,6132
34013212470000,0,1190367,11047
34013212480000,0,537044,4494
34013212490000,0,891689,8304
34013212500000,0,2611107,32360
34013212510000,0,2211402,28560
34013212520000,0,2560920,21103
34013212530000,0,2131129,18616
34013212540000,0,2248929,29197
34013212550000,0,1861616,16992
34013212560000,0,2270544,13601
34013212570000,0,1437100,10989
34013212580000,0,2620032,24014
34013212590000,0,2597712,13701
34013212640000,0,1911282,16933
34013212650000,0,1431593,14904
34013212660000,0,959811,12410
34013212670000,0,1103925,9289
34013212680000,0,1441050,11596
34013212740000,0,1234393,9447
34013212750000,0,1431774,11077
34013212760000,0,726938,4770
34013212770000,0,1402014,9764
34013212780000,0,2504602,17085
34013212820000,0,2555988,15140
34013212830000,0,1174157,14204
34013212840000,0,2646357,16375
34013212860000,0,4200626,23200
34013212870000,0,4290204,19894
34013212880000,0,4458454,29739
34013212890000,0,4163534,27050
34013212900000,0,3627921,19796
34013212910000,0,959123,13027
34013212940000,0,1636171,9700
34013212970000,0,1425958,11282
34013212980000,0,1189777,7790
34013212990000,0,6036296,26132
34013213000000,0,6721095,27894
34013213010000,0,6555699,34292
34013213020000,0,7209116,30357
34013213100000,0,868615,1996
34013213110000,0,1038061,2575
34013213120000,0,1152429,3480
34013213130000,0,1436532,21676
34013213140000,0,2833452,19009
34013213150000,0,2111150,5865
34013213170000,0,1253799,7744
34013213180000,0,1140828,7313
34013213190000,0,1048936,14792
34013213200000,0,1826010,10458
34013213220000,0,1010686,11487
34013213230000,0,3169377,36840
34013213280000,0,1014427,4178
34013213290000,0,1180158,9504
34013213300000,0,2147569,21857
34013213360000,0,1810859,924
34013213370000,0,1058106,2655
34013213380000,0,894142,3923
34013213390000,0,1689571,9865
34013213400000,0,1825490,13382
34013213410000,0,1797488,14698
34013213440000,0,2786046,15862
34013213450000,0,2209529,13078
34013213460000,0,2119599,10893
34013213470000,0,2040100,30720
34013213510000,0,3408401,35120
34013213530000,0,3701497,38221
34013213540000,0,3289368,37047
34013213580000,0,7271423,36988
34013213590000,0,4090756,26591
34013213600000,0,6249443,44300
34013213610000,0,4385415,25832
34013213620000,0,7954461,59265
34013213630000,0,7783837,57086
34013213650000,0,2994715,33600
34013213700000,0,1888028,6059
34013213710000,0,1669606,5322
34013213720000,0,1632388,5204
34013213750000,0,2783206,11086
34013213760000,0,3480199,6652
34013213770000,55706,1361285,24717
34013213780000,63967,1234549,26259
34013213790000,71637,1414069,26739
34013213800000,51748,1221198,22024
34013213810000,49603,3992096,43253
34013213820000,76055,5687136,36304
34013213830000,52862,4571024,40265
34013213840000,52252,5084075,46534
34013213850000,69146,3923843,55304
34013213860000,0,2135657,38664
34013213870000,0,2459234,44437
34013213880000,0,2406537,11839
34013213890000,0,2368840,14335
34013213900000,0,2150938,11780
34013213920000,0,3328433,71721
34013213930000,0,2421165,52690
34013213940000,0,2465246,53902
34013213950000,0,2654393,57486
34013213960000,0,2801464,60921
34013213970000,0,2687375,58648
34013213990000,0,6592948,26673
34013214000000,0,5045204,22736
34013214010000,0,5274250,20427
34013214020000,0,5437714,20506
34013214030000,0,4924307,25345
34013214040000,0,5305289,33005
34013214050000,0,6088160,31314
34013214060000,0,2337149,43681
34013214090000,0,5832227,62510
34013214100000,0,2905412,31355
34013214110000,0,6086172,27427
34013214120000,0,2937259,17369
34013214130000,0,3561204,12076
34013214140000,0,2679228,13771
34013214150000,0,4779801,42095
34013214160000,0,6983181,55960
34013214180000,0,4420469,35934
34013214200000,0,4743469,38472
34013214210000,0,4659592,38017
34013214230000,0,4773403,38471
34013214250000,0,5327539,36904
34013214260000,0,6031116,24731
34013214270000,0,5309517,31018
34013214340000,0,7992247,37399
34013214350000,0,7288071,38904
34013214360000,0,6880600,15061
34013214390000,0,1987447,13165
34013214400000,0,3270366,15282
34013214410000,0,4586968,16305
34013214420000,0,4787181,17007
34013214430000,0,4720792,16780
34013214450000,0,4596546,27773
34013214460000,0,4053694,24526
34013214480000,0,2608098,27128
34013214490000,0,2680351,28823
34013214500000,0,2794090,34682
34013214510000,0,2788583,44168
34013214520000,0,1283835,42996
34013214530000,0,1264349,39174
34013214540000,0,1266014,44502
34013214590000,17022,304137,10361
34013214600000,18621,328116,9544
34013214610000,17316,320746,9899
34013214620000,0,3240020,19988
34013214640000,0,941070,8502
34013214650000,0,1753749,7198
34013214660000,0,1710025,12164
34013214670000,0,2784353,16766
34019220730100,2124,158879,1251
34019220740000,118,143207,1723
34019220750000,674,141633,705
34019220760100,732,87316,1828
34019220810100,1810,74759,1386
34019220820100,1624,27182,851
34019220840100,620,129602,2103
34019220850000,5603,83504,1188
34019220860100,0,42168,0
34019220880000,1038,102505,2074
34019220890100,104,157601,2290
34019220900100,0,49288,35
34019220910000,2503,77641,482
34019220920000,1318,96568,1792
34019220930000,0,0,0
34019220940000,3691,40515,350
34019220950000,2030,70696,139
34019220960000,913,130944,814
34019220970000,1269,76472,1008
34019220980000,1377,105408,521
34019220990000,2089,116394,1390
34019221000000,675,104447,88
34019221010000,61,154675,2044
34019221020000,87,146300,1314
34019221030000,274,159007,1970
34019221040000,0,104071,851
34019221050000,654,99046,251
34019221100000,4845,58626,1042
34019221110000,3206,72120,599
34019221120000,34,139804,529
34019221130000,769,158772,611
34019221170000,1845,125049,1691
34019221190100,1074,120655,819
34019221210000,61,170789,1135
34019221220000,1525,82546,1714
34019221230000,409,112667,642
34019221240000,506,167329,1074
34019221250000,413,112015,1908
34019221260000,5104,189270,1459
34019221270000,2600,105832,777
34019221280000,3905,168820,1530
34019221310100,69,54431,331
34019221320100,384,53570,438
34019221330100,809,93204,466
34019221340000,0,285837,925
34019221350000,147,125128,1976
34019221360000,444,129805,1721
34019221370000,4238,59952,835
34019221380100,0,185347,1187
34019221390100,1280,114528,1469
34019221400000,20,109313,889
34019221410000,0,0,0
34019221420000,1347,123311,803
34019221430000,851,126926,563
34019221440000,222,112960,1525
34019221450000,0,224790,1133
34019221460000,0,86886,1068
34019221470000,16144,91216,29355
34019221480000,0,155827,1582
34019221500000,19,121529,597
34019221510000,754,122049,809
34019221520100,13448,43892,5918
34019221530000,565,59000,1414
34019221560000,8366,63694,638
34019221570000,167,164680,1360
34019221580000,103,156947,1266
34019221590000,44,180463,1257
34019221600000,159,154944,1103
34019221610000,843,145383,244
34019221620000,0,211919,1418
34019221640000,0,0,0
34019221650000,60035,581577,9759
34019221660000,4,289690,1045
34019221680000,1658,93634,1219
34019221700000,275,65539,1098
34019221710000,1822,126246,849
34019221720000,7737,119215,20021
34019221730000,4,191347,363
34019221740000,2112,109368,621
34019221750000,287,162639,560
34019221760000,0,0,0
34019221770000,0,0,0
34019221780000,8134,76670,558
34019221790000,396,183966,892
34019221800000,0,276570,1607
34019221810000,0,207517,2424
34019221820000,1,169322,1822
34019221830000,460,134583,999
34019221840000,737,173819,646
34019221850000,1749,131772,393
34019221870000,0,212309,1862
34019221880000,324,234159,1318
34019221890000,0,229921,2007
34019221910000,4697,71459,1151
34019221920000,796,140235,730
34019221930000,1317,125152,1189
34019221940000,1983,123654,1344
34019221950000,390,127365,465
34019221960100,2767,37090,781
34019221970100,0,0,0
34019221980000,0,111942,1579
34019221990000,39,116883,660
34019222000000,2037,85690,860
34019222010000,1551,132133,421
34019222020000,1351,152579,825
34019222030000,63,130029,904
34019222040000,10,107115,707
34019222050000,0,191857,1535
34019222060000,408,127529,890
34019222070000,868,126067,1292
34019222080000,5,134715,620
34019222090000,0,233048,1080
34019222100000,0,251433,533
34019222110000,636,140713,699
34019222120100,0,136060,143
34019222130000,1,130248,255
34019222150000,1257,123454,339
34019222160000,0,177224,972
34019222170000,259,158433,1459
34019222180000,167,191562,1034
34019222190000,34,165245,1485
34019222200000,1807,82557,358
34019222220000,43,135482,1599
34019222230000,0,176189,2862
34019222240000,3708,42589,716
34019222250000,4339,79594,725
34019222260000,3077,74151,1167
34019222270000,2654,69992,1008
34019222280000,2245,71117,1137
34019222290000,1670,61385,1095
34019222300000,2057,96022,1157
34019222320000,2021,99609,1116
34019222330000,2436,90057,1044
34019222340000,1959,72828,726
34019222350000,1794,151194,1914
34019222360000,673,140686,902
34019222370000,0,168571,1391
34019222380000,80745,599692,53459
34019222390000,302,248060,629
34019222400000,413,123202,92
34019222410000,329,99886,32
34019222420000,195,204482,1857
34019222430000,346,135493,929
34019222440000,679,69119,346
34019222460000,0,353148,1124
34019222470000,2077,56436,346
34019222480000,5748,74077,1129
34019222500000,0,219857,1931
34019222520000,91,288344,733
34019222530000,601,118968,893
34019222540000,377,154851,275
34019222550000,35,245422,2146
34019222560000,858,316865,125
34019222570000,1005,383680,375
34019222580000,3269,56960,105
34019222590000,459,121157,2096
34019222600000,0,341031,439
34019222610000,304,172056,638
34019222620000,289,168516,1043
34019222630000,118,142921,1228
34019222640000,134,296967,820
34019222650000,317,275400,1287
34019222660000,265,212474,1266
34019222670000,0,192411,331
34019222680000,130,169457,621
34019222690000,110,164741,564
34019222700000,117,157611,359
34019222710000,9213,84879,1550
34019222720000,20,306005,1543
34019222730000,2,140816,95
34019222740000,1,201804,1464
34019222750000,6,131692,1332
34019222760000,5,181840,511
34019222770000,1882,55837,547
34019222780000,0,332069,1396
34019222790000,352,209479,2196
34019222800000,452,237267,0
34019222810000,494,197768,2093
34019222820000,524,157791,2883
34019222830000,272,178888,2956
34019222840000,1199,76308,555
34019222850000,605,79101,402
34019222860000,556,234808,1755
34019222870000,1313,77473,422
34019222880000,2918,103623,1386
34019222890000,4461,57805,630
34019222900000,140,217251,1708
34019222910000,4445,63631,1075
34019222920000,4687,54766,980
34019222930000,3369,49683,1017
34019222940000,5286,49755,13359
34019222950000,5827,126516,1192
34019222960000,3018,127199,824
34019222970000,7296,140342,1011
34019222980000,3425,130939,1043
34019222990000,6664,124873,947
34019223000000,3853,131551,975
34019223010000,1174,105460,1022
34019223020000,881,93570,1049
34019223030000,5630,95881,1350
34019223040000,0,322713,1900
34019223050000,4959,61068,522
34019223060000,4740,61167,1276
34019223070000,7820,165333,2666
34019223080000,5090,109755,3743
34019223090000,11661,234360,3529
34019223190000,9,402161,1582
34019223210000,5,253966,1067
34019223230000,0,109626,385
34019223250000,0,78328,442
34019223260000,0,106057,1074
34019223280000,0,279402,2305
34019223290000,0,371842,2080
34019223300000,8,299615,2150
34019223310000,1507,84523,1079
34019223320000,1654,111380,108
34019223330000,2264,116181,733
34019223340000,47,187741,751
34019223350000,2366,114140,637
34019223360000,3272,124934,624
34019223370000,2187,159754,1138
34019223380000,1868,141402,1024
34019223390000,130,136697,1255
34019223400000,7314,103236,1976
34019223410000,6117,90835,846
34019223420000,113,173130,444
34019223480000,6291,95995,567
34019223490000,1019,124996,359
34019223500000,929,239689,2868
34019223510000,325,155463,364
34019223520000,64,147554,1189
34019223530000,76,232765,928
34019223540000,36,267031,2489
34019223550000,205,284537,2382
34019223570000,168,235135,2367
34019223680000,1784,158326,272
34019223720000,0,303991,3555
34019223730000,3950,111133,2189
34019223750000,26,182275,423
34019223790000,229,185748,463
34019223800000,5,87223,108
34019223890000,21,303133,1511
34019223920000,2284,91744,400
34019223930000,2192,157896,2401
34019223940000,2133,95480,808
34019223950000,264,129332,674
34019223960000,1407,171492,1600
34019223970000,509,132329,460
34019223990000,676,148347,824
34019224000000,1563,185789,411
34019224010000,2091,261469,1516
34019224020000,491,139531,604
34019224030000,555,129175,1110
34019224050000,700,135212,417
34019224080000,1964,152018,1416
34019224090000,1897,305837,2668
34019224100000,3112,144847,365
34019224110000,62,105042,525
34019224120000,65,69888,381
34019224140000,0,347894,1700
34019224170000,113,159704,1830
34019224180000,0,191508,1165
34019224200000,1687,190003,1857
34019224220000,2175,132265,142
34019224230000,1792,139377,1757
34019224240000,2042,190103,2338
34019224250000,851,221080,2200
34019224260000,894,230565,1708
34019224270000,1071,170196,1975
34019224280000,79,157432,1218
34019224290000,2092,88733,545
34019224300000,2649,99366,925
34019224330000,3244,95765,656
34019224450000,3,208699,967
34019224460000,71,233448,1969
34019224470000,0,189806,977
34019224480000,4394,191229,1191
34019224500100,2214,151041,3528
34019224510000,4682,200964,2276
34019224520000,1861,106631,1205
34019224550000,2630,132525,882
34019224560000,0,281145,1506
34019224570000,1920,149668,1398
34019224580000,1260,110629,1449
34019224630000,246,361556,186
34019224650000,1015,209945,2491
34019224720000,2887,102219,410
34019224730000,4,549298,2452
34019224740000,3057,159022,930
34019224750000,2935,121046,1068
34019224760000,1286,82551,1208
34019224770000,3216,86877,1081
34019224800000,1305,122023,462
34019224820000,2568,158150,531
34019224840000,2718,154934,117
34019224850000,672,122305,993
34019224860100,691,57505,866
34019224870000,1621,152950,1104
34019224880000,1867,202782,2693
34019224890000,1703,130318,512
34019224900000,287,83053,1246
34019224910000,687,166012,879
34019224920000,4321,174459,409
34019224950000,1993,100233,1187
34019224960000,2072,106595,2130
34019224980000,469,54222,784
34019225060000,0,162683,807
34019225070000,4186,137386,1734
34019225080000,2293,149838,2568
34019225090000,8431,189420,1688
34019225100000,1683,80689,321
34019225180000,2766,235985,1302
34019225190000,2753,161575,2887
34019225200000,2304,152758,962
34019225210000,22,233639,2834
34019225220000,10,156480,309
34019225230000,1,223299,2664
34019225240000,9,411559,0
34019225250000,0,368860,3268
34019225260000,0,320107,4190
34019225270000,10,270406,2268
34019225280000,1942,97917,1384
34019225290000,1192,76895,1121
34019225300000,941,73121,1016
34019225310000,5529,214310,4506
34019225320000,4217,147097,1344
34019225330000,4347,166921,1505
34019225340000,2665,172510,874
34019225350000,3808,261042,2007
34019225360000,2951,173796,2040
34019225370000,3027,120301,978
34019225390000,4669,233577,3345
34019225400000,62,261078,1105
34019225410000,0,214102,1523
34019225420000,0,201834,324
34019225430000,7980,167325,2564
34019225440000,5447,153995,945
34019225450000,3600,141848,4645
34019225460000,2582,107710,3525
34019225470000,5653,167350,3382
34019225480000,6136,134599,1157
34019225490000,0,183821,1889
34019225500000,0,229448,2091
34019225510000,120,351739,834
34019225540000,769,94910,1184
34019225550000,0,279898,3801
34019225560000,0,281023,3610
34019225570000,0,232196,2732
34019225600000,965,248262,1124
34019225610000,749,224421,1294
34019225620000,11,331062,2082
34019225630000,2249,183807,667
34019225640000,1665,134585,202
34019225650000,2791,205824,2192
34019225660000,1928,174652,1269
34019225670000,1516,159605,4751
34019225680000,2197,258696,1413
34019225690000,3280,240804,5928
34019225700000,3321,211080,3163
34019225720000,5535,218543,3605
34019225730000,6272,196845,2822
34019225740000,4022,157901,1795
34019225750000,7896,198244,5269
34019225760000,6675,194628,5115
34019225770000,0,320609,1375
34019225780000,0,348534,2076
34019225790000,10679,114788,2526
34019225800000,13541,173007,3410
34019225810000,15701,195131,3905
34019225820000,17366,180123,2220
34019225850000,2797,154375,881
34019225860000,2053,176734,1820
34019225870000,0,410955,3175
34019225880000,0,318734,282
34019225890000,1358,318070,2238
34019225900000,2354,193087,867
34019225910000,1203,330234,1425
34019225920000,770,250624,1141
34019225930000,4,225079,766
34019225960000,2623,174907,967
34019225970000,4454,152125,777
34019225980000,13893,102843,4723
34019225990000,977,366086,1613
34019226000000,1231,346648,1248
34019226010000,2343,252020,3885
34019226020000,1601,226202,4126
34019226030000,1586,253935,1467
34019226040000,2349,247343,5229
34019226050000,1156,279836,3801
34019226060000,9863,185543,5525
34019226070000,5708,189405,3736
34019226090000,0,270576,2856
34019226100000,0,249610,2064
34019226110000,0,255228,1460
34019226120000,0,218641,1366
34019226130000,0,193437,2979
34019226140000,0,221482,879
34019226150000,0,143282,2172
34019226160000,16065,185934,3751
34019226170000,7588,168458,1504
34019226180000,14223,218637,3335
34019226210000,2895,75901,1288
34019226220000,74,369134,1560
34019226250000,82,246678,1291
34019226260000,72,223813,327
34019226270000,217,207986,1554
34019226280000,62,263744,1724
34019226290000,574,218397,2477
34019226320000,697,401493,1204
34019226330000,423,307745,2030
34019226340000,2904,171474,3123
34019226350000,3606,98912,1743
34019226370000,1457,113726,1905
34019226420000,38386,517119,6942
34019226430000,14896,211074,3579
34019226440000,10522,176805,5257
34019226450000,12684,176316,4047
34019226460000,845,243413,1266
34019226470000,632,209820,1800
34019226510000,576,169080,487
34019226520000,910,217551,1152
34019226530000,691,233779,1611
34019226540000,860,187184,798
34019226570000,1248,342911,2654
34019226620000,1930,381784,1924
34019226640000,9262,111636,2532
34019226650000,10631,125590,2627
34019226660000,19267,215633,3160
34019226670000,14245,207623,3491
34019226680000,11807,183676,1801
34019226690000,16820,187566,2988
34019226710000,4015,102931,539
34019226720000,3644,112218,1798
34019226750000,5691,117360,1397
34019226890100,9929,149833,2160
34019226900000,19649,244845,1289
34019226910000,9029,220696,5257
34019226920000,11066,292883,5938
34019226930000,16452,155958,2054
34019226940000,8959,66625,545
34019226980000,6930,177749,2022
34019226990000,9809,88117,1613
34019227000000,10532,92100,2405
34019227010000,8466,69587,1069
34019227020000,37257,278693,8891
34019227030000,26965,305988,4261
34019227040000,13124,260406,9414
34019227050000,9616,124120,1943
34019227060000,8013,117121,3093
34019227070000,8516,129038,3425
34019227080000,19133,199359,4675
34019227090000,12162,137469,2767
34019227100000,33519,334373,505
34019227120000,19989,305363,8368
34019227140000,26919,201107,1806
34019227150000,17954,242097,8868
34019227180000,3281,196152,3396
34019227190000,2624,197861,5383
34019227200000,2319,260264,4073
34019227210000,1875,192314,2086
34019227280000,18683,139137,2642
34019227310000,23007,154932,2816
34019227340000,9450,249659,2941
34019227350000,14311,247061,1958
34019227360000,9441,219078,3499
34019227370000,19541,245188,4783
34019227380000,19439,234831,4204
34019227390000,14557,237596,2916
34019227400000,23920,288437,3164
34019227410000,22313,340309,5329
34019227420000,21852,333599,4975
34019227430000,16585,249294,4078
34019227440000,37707,483045,11296
34019227450000,37374,409727,8309
34019227570000,71679,614016,34908
34019227610000,115677,678980,46573
34019227620000,90933,609433,56429
34029216940100,1834,33385,675
34029216960000,0,218077,1302
34029216970100,2073,27479,410
34029217010000,2717,31913,944
34029217020000,3702,49214,73
34029217050100,0,65786,219
34029217060100,0,309907,4103
34029217080000,68,213120,1224
34029217120000,148,161504,896
34029217130000,0,0,0
34029217160000,0,167102,1023
34029217190100,196,133536,122
34029217200000,47,71193,564
34029217210100,3,77977,323
34029217230000,2411,39138,1562
34029217240100,0,0,0
34029217250000,0,0,0
34029217270100,0,0,0
34029217280000,10,137699,2050
34029217300100,0,0,0
34029217340000,1565,92651,352
34029217350000,4,200112,1084
34029217370000,145,101044,1016
34029217430000,0,130498,360
34029217470000,72,78161,1510
34029217480000,87,122639,788
34029217500000,151,201425,849
34029217530000,1,134976,92
34029217540000,2,94513,143
34029217560000,420,117715,418
34029217570000,0,54033,171
34029217590000,2,198924,351
34029217630100,0,119718,1078
34029217660000,2,314069,628
34029217670000,1,259747,0
34029217730000,10,251800,955
34029217740000,0,254609,976
34029217800000,9,369488,4662
34029217930000,32,238070,2462
34029217990000,833,147717,769
34029218040100,2544,165279,1161
34029218050000,643,162558,1229
34029218060000,0,1879776,26898
34029218070000,0,839783,2250
34029218130000,73,196093,1181
34029218140000,0,227036,2133
34029218150000,8,205937,782
34029218160000,78,259426,1600
34029218180000,691,226532,1539
34029218200000,0,207002,3341
34029218220000,1718,57802,599
34029218230000,199,353356,345
34029218240000,19,190618,418
34029218280100,0,285280,1570
34029218290000,0,204531,1153
34029218300000,0,222265,1254
34029218380000,72,177006,1533
34029218390000,0,255706,4345
34029218440000,3057,260171,1964
34029218460000,512,248356,681
34029218470000,2998,497163,1017
34029218500000,0,319691,1823
34029218510000,0,352521,2020
34029218520000,0,293142,1732
34029218530000,0,281007,1624
34029218610000,0,429562,2986
34029218690000,0,388297,2919
34029218760000,0,752382,3501
34029218770000,0,517844,5887
34029218780000,0,425059,999
34029218790000,0,400896,1359
34029218850000,0,892712,5375
34029218860000,0,673498,5194
34029218870000,0,561403,5233
34029218930000,0,755199,3528
34029218940000,0,766311,3562
34029218950000,0,1207631,14938
34029218960000,0,1158833,16794
34029218970000,0,1288977,15604
34029218980000,0,1139964,9300
34029218990000,0,1192371,8346
34029219000000,0,2405636,29928
34029219010000,0,1901531,23107
34029219040000,0,1503772,10847
34029219050000,0,1109699,8777
34029219060000,0,1560933,17606
34029219070000,0,1634268,17602
34031271900100,0,27961,279
34059241830100,0,0,0
34059241900100,451,32969,628
34059242000000,563,57933,629
34059242060100,2699,25412,439
34059242110100,2525,13990,473
34059242190100,5022,0,480
34059242200000,7259,79805,1129
34059242210000,3421,103894,1527
34059242230000,5704,61346,835
34059242240000,4057,62313,988
34059242300100,873,11414,335
34059242340000,3046,82011,1204
34059242350000,1790,75044,1104
34059242380100,1237,78653,885
34059242420000,2849,23981,480
34059242430000,4171,35767,969
34059242440000,5178,78492,1424
34059242500000,121,114107,1677
34059242520100,463,119208,1096
34059242530000,633,171898,1389
34059242540000,381,108074,939
34059242550000,352,100073,913
34059242560000,412,118638,1076
34059242640000,1197,61702,525
34059242730100,26930,194232,5678
34059242740100,1365,100404,920
34059242760100,1668,95989,1167
34059242900000,10066,84904,1364
34059242910100,11179,105190,1452
34059242920000,4023,15634,768
34059242930100,21533,93264,1028
34059242960000,4393,241550,1262
34059242970000,2783,188009,1244
34059243010000,9403,110607,3910
34059243020000,7172,89783,1995
34059243030000,8765,95772,948
34059243040000,2655,24135,381
34059243050000,4679,48624,1025
34059243060000,7403,182685,4183
34059243070000,7624,172886,2768
34059243080000,6162,112721,2719
34059243090000,7291,178866,3994
34059243100100,2651,80886,1223
34059243130100,9493,124434,1147
34059243140000,22146,118334,1250
34059243160000,1721,195145,1192
34059243170000,2043,126129,403
34059243180000,1722,80004,400
34059243190000,1539,113300,306
34059243200000,45757,291968,12307
34059243250000,4691,120835,4074
34059243260000,3897,168463,4362
34059243270000,3871,148725,3498
34059243280000,3083,128365,3034
34059243300000,2533,175534,4565
34059243310100,2003,169927,2875
34059243340000,19004,95241,1889
34059243350000,17056,128267,1151
34059243360000,7549,52025,540
34059243370000,6722,62378,1409
34059243380000,5081,65526,2176
34059243390000,8893,76623,2369
34059243410000,20534,121252,1942
34059243420000,4958,236659,2825
34059243430000,3622,177702,4494
34059243440000,17113,175817,13434
34059243450000,397,177472,313
34059243460100,10902,112142,2107
34059243470000,14669,200871,3693
34059243480100,7404,163223,4869
34059243490000,12263,158235,4711
34059243510000,304,129288,1599
34059243520000,55,122711,369
34059243530000,2312,151797,3616
34059243540000,536,178382,5269
34059243550000,56,127127,432
34059243560000,862,230195,2050
34059243570100,7984,114960,1985
34059243580000,4526,108399,4817
34059243590000,13166,140196,1706
34059243620000,3502,119779,2358
34059243630000,6105,236011,1186
34059243640000,4095,113914,2552
34059243650000,5146,170489,2076
34059243660000,7108,103757,3900
34059243670000,6135,135391,3891
34059243680000,15917,124287,1873
34059243690000,26685,168461,1911
34059243700000,21329,137218,2590
34059243720000,1767,192267,3193
34059243730000,2321,218067,5484
34059243740000,1991,168445,3078
34059243750000,3253,260605,3123
34059243760000,2585,211191,3572
34059243770000,28445,128566,11131
34059243780000,13625,118896,1317
34059243790000,8423,114523,1234
34059243800000,3328,421039,4301
34059243810000,1787,298674,4461
34059243820000,2012,360897,5059
34059243840000,1895,177163,2477
34059243860000,14439,108469,8184
34059243870000,1924,160803,2250
34059243880100,1847,196241,2161
34059243890000,2362,176679,1785
34059243900000,9665,32032,1582
34059243910000,9340,74970,2146
34059243920000,37313,257232,24314
34059243930000,1935,338597,3476
34059243940000,9169,129325,3088
34059243950000,12653,151526,2246
34059243960000,31009,149692,1523
34059243970000,55319,348715,10147
34059243980000,54433,268228,9039
34059243990000,41177,330553,11781
34059244000000,49143,267761,10878
34059244010000,64354,428721,12320
34059244020000,64423,362822,13003
34059244050000,15048,118586,2986
34059244060000,11159,102082,6432
34059244070000,16697,143990,11229
34059244080000,8746,185400,5514
34059244090000,4964,204474,2962
34059244100000,5582,237155,4205
34059244110000,8300,203676,9867
34059244120000,5484,216805,3662
34059244130000,879,117071,1396
34059244140000,39348,430688,9152
34059244150000,252809,1083730,21955
34059244160000,215963,777710,26574
34059244170000,223916,936504,21187
34059244180000,266983,940035,21452
34059244190000,58079,484981,12446
34059244200000,45007,356422,10463
34059244210000,64885,509512,11897
34059244230000,28114,490038,4265
34059244240000,103488,785938,14295
34059244250000,119331,779462,11404
34059244260000,376,173907,1035
34059244270000,711,226432,2952
34059244280000,15373,240828,2090
34059244290000,9801,225142,1927
34059244310000,13916,296372,2577
34059244320000,7086,221061,1893
34059244330000,7659,193621,1650
34059244350000,25458,274488,5088
34059244370000,24253,255322,5513
34059244380000,9053,150602,2482
34059244390000,37959,197102,3592
34059244400000,51854,263966,3847
34059244410000,50090,299193,7580
34059244420000,42090,261975,6177
34059244430000,52628,302790,6648
34059244440000,43960,242749,5027
34059244460000,536,135053,1408
34059244470000,497,135722,374
34059244480000,1149,196721,1327
34059244490000,7803,237734,5109
34059244500000,4346,178296,3742
34059244510000,7382,191032,2763
34059244530000,46894,212073,2731
34059244540000,42141,241963,1971
34059244650000,12354,190088,5279
34059244660000,18896,428166,12033
34059244670000,34499,195220,2303
34059244680000,36165,242711,4559
34059244690000,22122,127382,5399
34059244740000,22102,451091,12631
34059244810000,30067,196268,5236
34059244820000,14067,240318,4000
34059244830000,18177,436094,7355
34059244840000,16869,351273,5905
34059244880000,58393,501144,11630
34059244900000,17815,292901,8275
34059244920000,16846,198550,5576
34059244930000,29179,439876,12065
34059244940000,50751,613276,13889
34059244950000,76270,577276,16390
34059244960000,36012,442156,9227
34059244970000,28639,419394,11219
34059244980000,30724,906513,13480
34059244990000,20693,706235,12521
34059245000000,42674,353408,7879
34059245010000,31585,421268,8062
34059245020000,34194,494682,7728
34059245030000,32537,489350,7812
34059245040000,29359,404024,7354
34059245050000,41616,472906,9587
34059245060000,26260,767576,14137
34059245070000,31831,183719,21835
34059245080000,46144,337972,28932
34059245090000,35499,331662,7560
34059245100000,50699,406752,5163
34059245110000,93402,612778,19021
34059245120000,59194,1134727,7892
34059245130000,54115,1174632,13370
34059245140000,23548,799587,9250
34059245150000,39616,1054765,6982
34059245160000,114606,897531,9318
34059245170000,33483,586176,7442
34059245180000,45246,467508,8429
34059245200000,153409,1104912,18192
34059245210000,147157,959588,12069
34059245220000,62622,474793,10111
34059245230000,104832,636139,33649
34059245240000,146588,767407,16946
34059245250000,128967,712327,51384
34059245260000,147760,644884,31750
34059245280000,100347,763370,22949
34059245290000,135027,821204,19775
34059245300000,96942,428959,11321
34059245310000,99960,420946,14250
34059245320000,110051,753035,17140
34059245330000,108423,569735,15084
34059245370000,122228,980611,33813
34059245380000,133625,1025019,49777
34059245390000,204693,1250412,44218
34059245420000,66119,491386,12991
34059245430000,47809,434102,9936
34059245440000,86489,621995,13687
34059245460000,73956,447497,12793
34059245470000,59027,365738,10058
34059245480000,164652,1134378,35546
34059245490000,140765,1001295,38657
34059245500000,149490,1035483,27981
34059245510000,154819,579059,24359
34059245520000,207329,769112,25042
34059245530000,190415,710600,34152
34059245540000,172481,845684,26643
34059245580000,69626,494266,19884
34059245590000,104492,865331,38131
34059245600000,127437,967563,23295
34059245610000,190698,1377567,26509
34059245620000,77656,343239,12044
34059245630000,172362,989331,61357
34059245640000,199089,1204233,61175
34059245650000,253610,1404366,59008
34059245720000,73877,337355,18529
34059245730000,80496,371516,16320
34059245740000,101386,426416,12306
34059245760000,69567,281698,9942
34059245770000,90459,330665,14996
34067210570100,194,339395,3979
34067210620100,77,190409,1843
34067210630100,3941,31451,1019
34067210640000,5219,62544,507
34067210650100,20078,134813,3256
34067210670000,0,2788784,21169
34067210680000,4097,56254,2026
34067210690000,13982,98068,33348
34067210700000,4420,74241,647
34067210710100,1932,49041,1097
34067210720100,1129,74283,497
34067210730000,10784,66690,19593
34067210740100,833,270206,4383
34067210750000,0,683354,9044
34067210760000,8731,62859,2294
34067210780100,735,32888,416
34067210790100,976,96339,756
34067210800000,0,68100,2087
34067210820100,982,183251,1036
34067210850000,1172,117160,881
34067210860000,5006,84457,758
34067210870000,943,129666,2167
34067210880000,3478,40500,393
34067210890100,4902,75947,820
34067210900000,4696,53474,1139
34067210910100,4420,50821,1488
34067210920000,2611,279330,5718
34067210930000,8554,50501,10355
34067210940000,1694,49853,8
34067210960000,3127,24797,4085
34067210970000,5331,47265,2407
34067210980000,5626,63376,1892
34067210990000,3206,35260,1206
34067211000000,5242,59237,1732
34067211010000,6452,79679,2080
34067211020000,4049,76104,1468
34067211030000,3635,68497,1267
34067211060000,6878,87826,1078
34067211080000,1735,185528,1439
34067211090000,2400,85621,3923
34067211100000,2622,93927,2039
34067211110000,2912,70660,899
34067211120000,4903,82105,1223
34067211130000,1251,55165,540
34067211140000,1096,378839,6057
34067211150000,1626,45419,756
34067211160000,2298,113500,1924
34067211170000,2859,31932,618
34067211180000,1681,77246,925
34067211190000,352,98949,1037
34067211200000,112,175039,1591
34067211210000,7506,49254,1851
34067211220000,12975,69349,30130
34067211240000,0,445522,57
34067211250000,2231,77750,1164
34067211260000,82,228506,1914
34067211270000,86,230658,1864
34067211290000,808,265229,2053
34067211300000,697,310942,3816
34067211310000,1043,261154,1245
34067211320000,224,333757,4735
34067211330000,306,243140,2424
34067211340000,1417,442028,5484
34067211350000,1540,547658,10741
34067211360000,1274,85071,555
34067211390000,952,47390,952
34067211400000,2301,65057,893
34067211410000,1145,71704,657
34067211420000,514,202764,1759
34067211430000,1760,358778,919
34067211440000,959,307158,1406
34067211450000,2138,317665,3332
34067211480000,308,190080,434
34067211510000,0,379628,2620
34067211520000,0,181452,426
34067211550000,2825,112688,370
34067211560000,640,112170,281
34067211570000,819,79527,213
34067211580000,2986,38213,723
34067211590000,959,35251,906
34067211600000,6399,87643,2154
34067211610100,5772,84229,1880
34067211620000,129,149842,487
34067211630000,212,230402,1936
34067211640000,91,228724,942
34067211690000,0,4628924,85952
34067211720000,5760,127959,1089
34067211730000,8967,125107,1262
34067211740000,5313,55720,118
34067211750000,6384,79584,1273
34067211760000,5076,82425,1261
34067211770000,3930,70596,858
34067211780000,7593,96178,2440
34067211790000,6005,70336,1922
34067211800000,8557,107578,1722
34067211810000,6506,127765,2761
34067211820000,125,603877,2741
34067211830000,3109,196875,854
34067211850000,3646,106486,1160
34067211860000,4419,74900,457
34067211870000,2655,98774,809
34067211880000,5347,122057,2831
34067211890000,4998,139106,3775
34067211900000,6877,140920,1749
34067211910000,3773,166778,3755
34067211920000,4068,146352,2452
34067211930000,6692,123909,2507
34067211940000,4529,251926,1415
34067211950000,58,290649,1298
34067211960000,13,266603,1091
34067211970000,51,273004,1184
34067211980000,109,552367,2395
34067211990000,79,401900,1992
34067212010000,905,204624,525
34067212020000,3345,151048,1238
34067212030000,2439,153714,3605
34067212040000,2536,167406,5110
34067212050000,2305,244589,899
34067212060000,1032,166100,2258
34067212090000,2889,155744,829
34067212110000,20,380177,1554
34067212120000,15,291603,1194
34067212130000,9,171509,695
34067212140000,105,707349,5871
34067212150000,132,859855,7227
34067212160000,116,765570,6369
34067212170000,163,415324,1480
34067212180000,1410,112141,13462
34067212190000,38,205861,1910
34067212200000,995,134435,3849
34067212210000,13501,151552,3628
34067212220000,14141,126109,5441
34067212230000,11642,160733,6067
34067212280000,1383,154225,2074
34067212290000,1499,199703,3729
34067212300000,6371,214816,3239
34067212310000,4258,176297,2369
34067212320000,2568,227570,2798
34067212330000,5576,177215,3921
34067212340000,0,360672,3544
34067212350100,12997,112455,1413
34067212370000,16982,177996,1167
34067212390000,0,165531,1329
34067212430000,17,258084,2428
34067212440100,3714,102078,2304
34067212450100,3709,124112,2166
34067212460100,3207,122569,2232
34067212470100,7897,145021,2213
34067212480100,3597,113099,2553
34067212490000,4819,170418,976
34067212500000,3987,182599,725
34067212510000,3647,170967,1035
34067212530000,4296,134816,193
34067212540000,2540,134348,3129
34067212550000,1562,91850,5110
34067212560000,2660,126280,2130
34067212570100,4730,118002,9306
34067212580000,3380,195226,4730
34067212590000,5382,84277,436
34067212610000,3473,280331,834
34067212640000,7852,88042,629
34067212650000,10781,98667,647
34067212660000,6397,78666,2200
34067212670000,7290,70974,1289
34067212700000,2485,134335,1888
34067212710000,2999,116151,1861
34067212720000,4744,118693,1273
34067212730000,10094,151501,3389
34067212740000,9136,136739,3974
34067212750000,10607,121379,2016
34067212760000,4459,158550,1661
34067212780000,5751,129910,1402
34067212790000,3891,66746,1449
34067212810000,0,338398,4766
34067212820000,0,527523,2105
34067212840000,2485,125249,11059
34067212850000,2185,216933,3273
34067212860000,2047,194023,5716
34067212870000,2390,192321,2864
34067212880000,4439,230799,4034
34067212890000,0,0,1
34067212900000,5267,145103,2669
34067212910000,2360,120486,23303
34067212920000,2635,361237,161
34067212940000,0,553174,1201
34067212950000,0,611971,1596
34067212970000,3977,144569,1268
34067212980000,23213,198038,5579
34067212990000,14323,114020,1336
34067213000000,16101,118286,2078
34067213010000,232,352988,1617
34067213020000,172,269582,1223
34067213030000,151,231188,1063
34067213040000,168,261726,1202
34067213050000,237,352885,1621
34067213060000,3,2368,9
34067213070000,335,643528,3420
34067213080000,185,354683,1885
34067213090000,287,557172,2952
34067213100000,168,328101,1723
34067213110000,219,414594,2225
34067213120000,2220,93820,1050
34067213130000,2345,108708,1249
34067213140000,2723,110881,2485
34067213150000,3935,128043,3457
34067213160000,55,688038,2933
34067213170000,4854,287344,6319
34067213180100,35,440159,1872
34067213190000,31,402426,1714
34067213200000,38,469231,2006
34067213210000,33,397081,1696
34067213220000,10904,127212,4415
34067213240000,3300,178179,2260
34067213250000,1172,238744,4156
34067213260000,5546,180630,3761
34067213270000,3222,176155,610
34067213280000,9008,170549,2876
34067213290000,7182,175842,1782
34067213300000,0,0,0
34067213310000,10803,161053,3706
34067213320000,0,0,0
34067213330000,8899,114965,1642
34067213340000,8647,152035,2144
34067213350000,14,19,6
34067213380000,0,226270,718
34067213400000,0,339316,913
34067213420000,7176,188626,1167
34067213430000,6843,198549,1194
34067213440000,1583,291406,1619
34067213450000,2096,389292,2170
34067213460000,1629,310858,1653
34067213470000,38511,353611,5851
34067213480000,33356,375606,14340
34067213490000,26537,227650,9111
34067213500000,10814,140958,4278
34067213510000,11783,127388,2203
34067213520000,13677,117857,2436
34067213530000,14697,131215,1448
34067213540000,15534,130871,1537
34067213550000,12832,118894,3285
34067213560000,10974,166263,2464
34067213570000,7365,164078,1899
34067213580000,7847,180545,5284
34067213590000,8682,204167,4901
34067213600000,5594,123931,1966
34067213610000,5583,155774,2660
34067213620000,10760,185393,1329
34067213640000,9744,178580,1318
34067213650000,4335,105677,619
34067213660000,4686,103970,767
34067213680000,1559,509049,4102
34067213690000,563,381012,1041
34067213700000,173,473508,2672
34067213710000,11857,157459,4547
34067213720100,23412,221354,6060
34067213730100,17371,135753,1861
34067213740000,16059,144354,3010
34067213750000,17045,162616,5979
34067213760000,23359,194468,2178
34067213770000,16867,127888,1773
34067213780000,665,395022,6141
34067213790000,462,384559,2612
34067213800000,506,374511,4827
34067213810000,999,491215,879
34067213820000,4974,114740,534
34067213830000,4573,108085,941
34067213840000,5607,132077,1155
34067213850000,10368,115319,1032
34067213900000,5611,145514,2491
34067213910000,3448,116874,2280
34067213920000,4154,147270,2491
34067213930000,4783,157780,1789
34067213940000,3374,269402,3514
34067213950000,5327,181714,3680
34067213960000,2840,167580,1168
34067213970000,3293,186972,4114
34067213980000,0,394300,2090
34067213990000,0,444114,356
34067214000000,0,405191,2562
34067214010000,34656,556637,12957
34067214020000,32095,564766,8864
34067214030000,32046,541876,13756
34067214040000,40506,651142,14872
34067214050000,29667,414768,5953
34067214060000,0,185696,3694
34067214090000,6067,168776,2195
34067214100000,71,529437,2857
34067214110000,1,5205,17
34067214120000,0,213977,1334
34067214140100,9697,99095,1010
34067214150000,5510,196342,2357
34067214160000,5281,210232,2855
34067214170000,5370,191300,2571
34067214180000,7185,159686,4002
34067214190000,80,486827,2830
34067214200000,95,726025,3943
34067214240000,12,180728,1132
34067214310000,9162,206479,3504
34067214320000,2345,205865,1924
34067214330000,12736,143953,4292
34067214340000,12300,117661,6271
34067214350000,12016,87211,1320
34067214360000,28733,96805,1445
34067214370000,6340,206050,641
34067214420000,8288,326267,2199
34067214430000,3907,314713,2571
34067214450000,2251,221723,1380
34067214460000,2322,248924,2140
34067214470000,4773,269858,7536
34067214490000,3904,365953,4371
34067214500000,87,741784,5941
34067214510000,97,856448,6916
34067214520000,154,1104620,9536
34067214530000,93,675359,5781
34067214540000,96,770024,6465
34067214550000,2354,249654,3427
34067214560000,3379,213234,5599
34067214570000,3301,262316,2454
34067214580000,5388,317858,3254
34067214660000,0,300710,901
34067214690000,34661,355580,9932
34067214700000,36721,371505,8867
34067214710000,36161,365847,4814
34067214740000,4613,38512,3600
34067214800000,26671,238241,8661
34067214810000,17567,164961,1744
34067214820000,21700,140847,3542
34067214830000,12572,90570,2182
34067214840000,3095,343320,2097
34067214850000,2221,39469,6950
34067215030000,21,1953506,16627
34067215040000,0,1662394,9575
34067215050000,0,2146131,8187
34067215070000,0,1439102,6280
34067215080000,0,1467684,12625
34067215210000,11742,163803,2203
34067215220000,9660,170394,2293
34067215230000,9240,199411,2689
34067215240000,13004,214290,2888
34067215260000,16263,113052,20776
34067215270000,25133,168980,9926
34067215280000,23672,163821,14884
34067215290000,0,3971624,104436
34067215300000,0,604704,1416
34067215310000,8437,676809,5745
34067215320000,9040,706800,4656
34067215330000,7939,772370,5767
34067215350000,43493,1411653,18342
34067215360000,50886,1328172,8547
34067215390000,82115,2021838,8044
34067215400000,0,2510553,9534
34067215410000,23,2824860,5429
34067215420000,1,2707769,9426
34067215430000,0,1380016,7925
34067215440000,0,1458064,2087
34067215450000,0,1049728,25790
34067215460000,63667,783559,16961
34067215470000,60025,827218,15963
34067215480000,45213,638305,14162
34067215490000,45180,632612,20832
34067215500000,0,1582728,12008
34067215510000,0,1910723,6131
34067215520000,0,2797096,30375
34067215530000,0,1310002,41865
34067215540000,52652,328859,20430
34067215550000,51409,330334,8314
34067215560000,45851,334968,19095
34067215570000,53212,320016,10315
34067215580000,54205,1946099,45038
34067215590000,48529,2256704,66211
34067215600000,45679,2513050,73717
34067215610000,23567,1584402,37397
34067215620000,52981,1787456,19614
34067215630000,53758,1825839,18621
34067215640000,44797,1558400,21325
34067215650000,26189,3012836,24371
34067215660000,12215,2771210,44474
34067215670000,31036,3572677,40020
34067215690000,46216,2526084,52513
34067215700000,49168,2790641,40242
34067215710000,56137,1291796,31211
34067215720000,45075,2489752,60249
34067215750000,143306,597605,12952
34067215760000,140653,614229,16879
34067215790000,61309,2610105,7191
34067215800000,52627,2600815,21928
34067215810000,53954,2754178,14745
34067215820000,61896,3341617,31953
34067215830000,55358,3265646,21591
34067215840000,130797,652747,21328
34067215850000,224432,1113542,67206
34067215860000,272686,1341418,65377
34067215870000,592,2449298,10121
34067215880000,586,2481039,10222
34067215910000,185191,1149464,102129
34067215920000,241980,1318311,102867
34067215930000,214831,1090656,70518
34067215940000,195692,1099163,59582
34067215950000,115695,796017,55849
34067215960000,149831,857519,62337
34067215970000,132196,732629,33746
34067215980000,137,6486225,31760
34067215990000,173,6315013,35108
34067216000000,127,6813627,20134
34067216070000,0,2572997,16446
34067216080000,0,2713646,12920
34067216090000,0,2597396,10637
34067216100000,140126,3351931,58314
34067216110000,137705,3542489,122474
34067216120000,171439,3330868,160852
34067216160000,0,5611605,29876
34067216170000,0,5287120,31245
34067216180000,194657,4133434,75590
34067216200000,205266,4136850,69977
34067216230000,0,5412573,55594
34067216240000,0,3925880,27534
34067216290000,158592,2143197,11404
34067216300000,114783,1805904,53079
34067216310000,114599,1863902,49615
34067216410000,143045,966758,37513
34067216420000,146964,946478,38885
34067216430000,48422,248490,30765
34067216440000,48738,285093,39138
34067216490000,15892,88776,15186
34067216500000,55028,290167,31494
34067216510000,0,390589,2580
34067216520000,0,458254,3062
34067216530000,0,455835,2620
34067216540000,37257,137316,9723
34067216550000,33776,140398,11716
34067216560000,32911,138966,12991
34067216630000,1665,5601,1781
34067216640000,2172,7547,1745
34067216650000,505,2259,871
34067216660000,1063,4117,1030
34081205030000,0,205684,542
34081205070100,0,87954,812
34081205080100,0,84160,737
34081205090000,0,156111,706
34081205100000,0,158681,2836
34081205110100,0,397159,1357
34081205120100,0,173492,587
34081205130100,0,268013,3372
34081205140000,0,35792,102
34081205150000,0,164826,11
34081205170000,0,133368,399
34081205180100,0,71540,556
34081205190000,0,188607,380
34081205200000,0,44704,3726
34081205210000,0,87498,652
34081205220000,0,2672939,42428
34081205260000,0,201750,1331
34081205280100,0,358412,2950
34081205310100,0,122493,12901
34081205350100,0,0,0
34081205360100,0,1017774,16434
34081205380000,0,130349,850
34081205390000,0,368144,3009
34081205410000,0,154820,715
34081205420000,0,134485,127
34081205430000,0,386101,2868
34081205440000,0,248290,1569
34081205450000,0,109935,576
34081205460000,0,417544,3375
34081205490000,0,501543,17397
34081205510000,0,296665,1254
34081205530000,0,274410,1143
34081205540000,0,145409,693
34081205570000,0,3600371,72261
34081205590000,0,166762,418
34081205600000,0,292588,1256
34081205610000,0,172221,1082
34081205620000,0,5010067,20196
34081205630000,0,5077867,25824
34081205640000,0,727462,4659
34081205650000,0,1001768,6130
34081205660000,0,235075,1395
34081205670000,0,487039,2395
34081205680000,0,824716,4568
34081205690000,0,378441,852
34081205720000,0,982650,2415
34081205730000,0,792597,13235
34081205740000,0,729831,2888
34081205810000,0,218558,4851
34081205850000,0,182243,9309
34081205860000,0,4375637,84809
34081205890000,0,640895,4936
34081205900000,0,587011,5636
34081205920000,0,680556,6251
34081205930000,0,596932,2695
34081205940000,0,789091,8029
34081205950000,0,406325,1963
34081206000000,0,225162,1731
34081206010000,0,131080,713
34081206150000,0,379054,12055
34081206170000,0,183656,34538
34081206180000,0,3208964,45370
34081206190000,0,3844466,44805
34081206200000,0,289732,752
34081206220000,0,310721,671
34081206230000,0,211458,751
34081206260000,0,395647,825
34081206280000,0,416825,1221
34081206290000,0,244724,836
34081206330000,0,681734,11007
34081206340000,0,1722375,18767
34081206350000,0,2197277,19986
34081206360000,0,681456,9301
34081206370000,0,415126,404
34081206380000,0,408509,1115
34081206390000,0,428292,1013
34081206440000,0,220798,22080
34081206470000,0,773696,7062
34081206490000,0,574624,29404
34081206500000,0,680788,16477
34081206510000,0,560730,37090
34081206520000,0,586831,34780
34081206530000,0,718748,8464
34081206540000,0,765604,16196
34081206550000,0,441708,3950
34081206580000,0,1806253,12593
34081206590000,0,1097972,5754
34081206600000,0,1401235,10363
34081206610000,0,391456,7079
34081206620000,0,729500,6636
34081206630000,0,741053,6399
34081206640000,0,920462,8688
34081206650000,0,585356,6006
34081206660000,0,961600,9710
34081206670000,0,348985,2564
34081206680000,0,308852,232
34081206690000,0,316787,1466
34081206700000,0,3030464,29719
34081206710000,0,251485,10013
34081206720000,0,223077,4462
34081206730000,0,45598,425
34081206740000,0,3389067,113945
34081206750000,0,471458,7829
34081206760000,0,6084803,69061
34081206830000,0,170150,1122
34081206840000,0,209704,6730
34081206900000,0,446006,17137
34081206910000,0,2365708,18814
34081206920000,0,1805917,23347
34081206930000,0,1398547,12309
34081206940000,0,1352178,11917
34081206950000,0,1439070,12629
34081206960000,0,1072723,8589
34081206970000,0,940594,7606
34081206980000,0,1099806,8852
34081206990000,0,1094933,8633
34081207000000,0,1467007,11752
34081207020000,0,558569,3672
34081207030000,0,1180573,7451
34081207040000,0,848375,5533
34081207060000,0,1719212,10791
34081207080000,0,1895887,11153
34081207100000,0,1261823,12583
34081207110000,0,1531850,18954
34081207120000,0,1164318,11782
34081207160000,0,1266350,15887
34081207170000,0,1028025,15669
34081207180000,0,695852,4299
34081207220000,0,854016,3229
34081207230000,0,1339334,12024
34081207240000,0,1236409,5607
34081207250000,0,1304658,5859
34081207260000,0,1267041,5799
34081207270000,0,886531,9289
34081207290000,0,862747,3843
34081207300000,0,763933,3407
34081207310000,0,761240,776
34081207320000,0,847412,8505
34081207330000,0,1425204,7661
34081207340000,0,1595553,9199
34081207350000,0,1657309,10649
34081207360000,0,1734011,13156
34081207370000,0,2266498,16431
34081207380000,0,515102,1211
34081207390000,0,1129637,4920
34081207400000,0,958216,5931
34081207410000,0,1224522,18988
34081207450000,0,1481587,9853
34081207460000,0,1512336,9698
34081207470000,0,1102154,6764
34081207480000,0,1540035,8353
34081207490000,0,1294981,9887
34081207500000,0,1505057,8614
34081207510000,0,2086114,23993
34081207520000,0,2535931,9187
34081207530000,0,1622267,5354
34081207540000,0,1500050,7149
34081207550000,0,1523112,6857
34081207560000,0,1459965,6561
34081207570000,0,2355506,8078
34081207580000,0,2288306,8622
34081207590000,0,1771270,9399
34081207600000,0,1824524,13064
34081207620000,0,1049908,3283
34081207630000,0,1080805,3697
34081207640000,0,1278351,2808
34081207650000,0,3217488,15658
34081207660000,0,1489103,7012
34081207670000,0,3415024,22558
34081207680000,0,1485104,22366
34081207700000,0,1607553,9742
34081207710000,0,1903571,11646
34081207720000,0,3049085,20383
34081207730000,0,4147637,20443
34081207740000,0,3322991,17307
34081207750000,0,2760428,7526
34081207760000,0,3905248,31089
34081207770000,0,4322776,13316
34081207780000,0,4125589,24014
34081207790000,0,4510479,19171
34081207800000,0,2184733,20181
34081207810000,0,2062875,8743
34081207820100,0,2214836,15074
34081207830000,0,3252685,10441
34081207840000,0,2919682,8740
34081207850000,0,2672618,8365
34081207860000,0,3365376,18570
34081207870000,0,3578327,24147
34081207880000,0,2655088,8995
34081207890000,0,2170388,5613
34081207900000,0,1704553,8158
34081207910000,0,2450675,9660
34081207920000,0,2633878,8184
34081207930000,0,3155536,10700
34081207940000,0,1790756,7875
34081207950000,0,3913228,15755
34081207960000,0,2392638,11496
34081207970000,0,1431834,9161
34081207980000,0,2451185,9307
34081207990000,0,3125462,16870
34081208000000,0,2837703,13405
34081208010000,0,2196589,9962
34081208020000,0,2101161,12165
34081208030000,0,2648864,19253
34081208040000,0,3865792,25883
34081208050000,0,3594448,19900
34081208060000,0,4269114,14263
34081208070000,0,4952387,124828
34081208080000,0,2914853,16624
34081208090000,0,3880113,26687
34081208100000,0,3778908,21595
34081208110000,0,2392272,37498
34081208120000,0,2557367,46230
34081208130000,0,2028989,36272
34081208140000,0,6460734,19166
34081208150000,0,6372283,22229
34081208160000,0,6030227,22357
34081208170000,0,3161289,75458
34081208180000,0,5347201,89603
34081208190000,0,4014635,13152
34081208200000,0,4135012,12916
34081208210000,0,4910838,16268
34081208220000,0,3583338,23726
34081208230000,0,2684739,19235
34081208240000,0,1573788,17397
34081208250000,0,1921496,17397
34081208260000,0,3503049,17906
34081208270000,0,3716159,15578
34081208280000,0,3981344,13606
34081208290000,0,3015624,18459
34081208300000,0,3621201,100988
34081208310000,0,3598401,130933
34081208320000,0,3411589,108699
34081208330000,0,4748063,14528
34081208340000,0,4839740,12525
34081208350000,0,4156259,14730
34081208360000,0,4423547,21553
34081208370000,0,5438272,27159
34081208380000,0,6140695,29560
34081208390000,0,6185545,26673
34081208400000,0,5687155,20094
34081208410000,0,5545031,27847
34081208420000,0,6013615,28048
34081208430000,0,6224286,32923
34081208440000,0,6745044,29097
34081208450000,0,5346438,24477
34081208460000,0,4612270,27785
34081208470000,0,2346913,36007
34081208480000,0,3838084,43245
34081208490000,0,2769317,89070
34081208500000,0,3353074,73904
34081208510000,0,3137763,99191
34081208520000,0,3308564,81960
34081208540000,0,2638219,42428
34081208590000,0,2302720,15401
34081208600000,0,1278612,9142
34081208610000,0,1700378,14335
34081208620000,0,2305399,14458
34099231350100,0,0,0
34099231720100,1357,36917,525
34099231820100,858,41303,1599
34099231840000,1363,41513,1254
34099231850200,0,122739,12153
34099231880000,134,32285,230
34099231920000,0,197291,4716
34099231960000,0,119261,786
34099231970000,0,128090,4436
34099231980000,0,6939,574
34099231990000,0,78852,9886
34099232000000,0,174590,37868
34099232010100,818,57092,675
34111242560100,1178,148791,2257
34111243000100,2010,31887,1751
34111243020300,0,96887,2421
34111243050100,1046,40090,1180
34111243120000,0,207010,5147
34111243130000,0,135027,3446
34111243200000,0,261299,3096
34111243210000,0,111791,2378
34111243220000,0,180528,2970
34111243240000,0,411886,4542
34111243250000,0,303456,5940
34111243260000,0,252432,3889
34111243280000,0,190902,1909
34111243290000,0,230469,4698
34111243300000,0,161937,4175
34111243310100,138,246265,2456
34111243470000,1825,190253,2885
34111243530100,0,175762,1764
34111243550000,0,564021,6459
34111243580100,4787,78888,619
34111243610100,0,225780,1839
34111243620000,95,168429,936
34111243630000,82,149959,817
34111243650100,0,58772,985
34111243660000,341,3959,51
34111243670000,2791,279445,3499
34111243690000,129,230172,2300
34111243700000,123,221127,2206
34111243740000,173,306805,1706
34111243750000,158,281321,1558
34111243760000,1263,40632,683
34111243770100,1655,57611,1376
34111243780000,2552,44796,1025
34111243790000,1150,66389,1000
34111243800000,1431,62435,1847
34111243810000,611,16120,670
34111243850100,0,627469,6858
34111243860000,0,348877,5447
34111243880000,0,359832,4777
34111243890000,0,333659,5636
34111243950000,7980,331674,1046
34111244010100,0,164509,5772
34111244030000,0,264452,4719
34111244040000,0,264150,5170
34111244050000,0,301400,2502
34111244090000,0,263559,2202
34111244110000,0,188268,1576
34111244120000,85,169346,5567
34111244130000,184,330205,1837
34111244140100,0,315571,2629
34111244150100,0,295822,4490
34111244160000,0,172864,5238
34111244180000,4946,26641,2583
34111244190000,3325,38818,2482
34111244200000,37356,322842,4869
34111244210000,4079,42455,2704
34111244230000,171,302854,542
34111244240000,251,445396,4996
34111244260000,161,285312,2925
34111244270000,0,423800,5186
34111244290000,0,399106,4358
34111244300000,0,331407,4313
34111244400100,0,0,0
34111244440000,153,271739,2797
34111244450000,150,270741,2779
34111244470000,123,220663,2252
34111244480000,149,265013,2596
34111244490000,175,316350,3093
34111244500100,3976,110661,2924
34111244510100,0,149707,3019
34111244520000,153,276201,2689
34111244560000,0,1020489,9259
34111244570000,0,0,0
34111244620100,0,70314,1134
34111244710100,0,507728,1432
34111244720100,0,303385,2015
34111244730000,0,160663,2012
34111244740000,0,285791,1761
34111244760000,0,275629,2411
34111244770000,0,217582,1847
34111244780000,0,236399,2010
34111244790000,0,144375,2722
34111244800000,0,226922,2959
34111244810000,0,217065,2964
34111244820000,0,182573,1428
34111244830000,0,326726,2550
34111244840000,148,267260,2751
34111244850000,0,257675,2420
34111244860000,0,233673,2523
34111244870000,0,236225,2742
34111244880000,0,255714,3285
34111244890000,169,303092,3787
34111244900000,187,329899,4127
34111244920000,166,300677,3751
34111244940000,160,290604,3650
34111244950000,0,195218,4351
34111244960000,0,185532,2592
34111244970000,0,187164,2518
34111244980000,0,157545,3144
34111245020000,0,173008,3921
34111245030000,0,524440,5282
34111245040000,0,454989,4421
34111245050000,0,728495,5211
34111245060000,0,22510,0
34111245070000,0,296422,5323
34111245080000,0,227524,4666
34111245090000,0,283774,6319
34111245100000,0,237201,5724
34111245110000,0,231288,6883
34111245120000,0,258575,5166
34111245130000,0,282585,5025
34111245150100,0,358456,2906
34111245160000,0,264096,3340
34111245170100,0,332050,2441
34111245180000,203,358517,4040
34111245190000,217,385871,4351
34111245200000,355,633191,7121
34111245210000,238,422987,4761
34111245230000,142,252718,1489
34111245250000,144,255030,1505
34111245260000,172,301749,1704
34111245270000,197,351505,1982
34111245280000,164,292658,1648
34111245300000,125,221075,2331
34111245310000,93,175420,1811
34111245320000,118,209580,2200
34111245330000,101,179357,1874
34111245340000,266,476509,5045
34111245410000,0,252576,4132
34111245440000,0,214881,7925
34111245450000,0,182649,5177
34111245460000,0,253976,8037
34111245470000,0,330518,12031
34111245490000,267,475243,5029
34111245500000,177,304207,3281
34111245510000,221,396329,4187
34111245520000,186,316434,3369
34111245530000,170,302518,1491
34111245540000,260,462046,2276
34111245550000,145,256920,1268
34111245560000,146,260186,1281
34111245590000,0,450892,18813
34111245600000,0,402430,9385
34111245610000,0,373723,8543
34111245620000,0,543052,7802
34111245630000,0,317195,4380
34111245640000,0,951166,8952
34111245650000,0,822186,8933
34111245660000,0,937551,5032
34111245670000,0,708190,9110
34111245680000,0,886876,5126
34111245690000,0,588389,6745
34111245700100,0,326275,4771
34111245710000,0,335600,4311
34111245720000,0,280711,7020
34111245730000,0,269940,6376
34111245740000,0,410018,7182
34111245750000,158,280858,2522
34111245760000,163,286664,2551
34111245770000,172,304509,2679
34111245780000,153,275116,2372
34111245790000,227,403676,2321
34111245810000,0,308171,3439
34111245820000,0,395907,3779
34111245830000,0,1256159,11753
34111245840000,0,1000641,11093
34111245850000,0,1042027,21319
34111245860000,0,1046986,23735
34111245870000,0,814410,19796
34111245880000,196,347127,1994
34111245890000,194,343296,1964
34111245900000,193,334861,1886
34111245910000,0,619409,8035
34111245920000,0,808620,22716
34111245960000,0,870745,9571
34111245990000,0,995689,9854
34111246010000,0,729884,4453
34111246030000,0,507710,12733
34111246040000,0,615094,14193
34111246050000,253,449396,5053
34111246060300,0,207512,2726
34111246070000,0,16758,1085
34111246080000,0,683768,12167
34111246090000,0,784139,7819
34111246100000,0,155049,9662
34111246110000,232,411462,3695
34111246120000,202,354880,3190
34111246130000,196,340781,3060
34111246140000,333,594378,5327
34111246180000,0,281412,797
34111246190000,0,1946066,22567
34111246200000,199,352538,2178
34111246210000,180,314870,1939
34111246220000,207,365325,2215
34111246230000,356,633613,3902
34111246240000,0,876748,14830
34111246250000,0,444630,12338
34111246260000,0,428591,11979
34111246290000,0,568759,10295
34111246300000,0,467356,7986
34111246310000,0,691381,11488
34111246330000,0,1318440,11741
34111246340000,0,2215838,25882
34111246360000,0,247956,11109
34111246410000,0,1071341,11146
34111246440000,0,1760017,13712
34111246450000,0,433903,1078
34111246490000,0,1035739,10584
34111246500000,0,566305,6535
34111246510000,0,398984,6228
34111246520000,0,836364,11295
34111246530000,0,441863,5618
34111246540000,0,420175,7226
34111246550000,0,836966,1750
34111246610000,0,537994,3391
34111246620000,0,847695,9253
34111246630000,0,970343,9281
34111246640000,0,1370002,11164
34111246650000,0,732131,12298
34111246670000,0,878863,14995
34111246680000,0,762432,15416
34111246690000,0,528013,11369
34111246720000,0,13,0
34111246730000,0,1323352,29051
34111246740000,0,894689,21422
34111246750000,0,861126,25781
34111246770000,0,648445,14356
34111246780000,0,1990825,18090
34111246800100,0,1559093,19217
34111246810000,0,1784290,16893
34111246820000,0,450103,10495
34111246840000,0,776432,16351
34111246850000,0,843712,21061
34111246860000,0,1451427,27497
34111246870000,0,1369967,35491
34111246880000,0,1392450,20178
34111246890000,0,1351234,12390
34111246900000,0,873304,13402
34111246910000,0,772461,11847
34111246920000,0,953042,14607
34111246930000,0,818522,13850
34111246940000,0,816581,13815
34111246950000,0,912533,1949
34111246960000,0,1216884,10938
34111246970000,0,1242326,16457
34111246980000,0,1316695,18410
34111246990000,0,849285,13956
34111247000000,0,721264,12239
34111247010000,0,634212,11496
34111247020000,0,840717,9440
34111247030100,24246,806580,18584
34111247040000,0,1324590,28766
34111247050000,0,1030067,13117
34111247060000,0,1292073,16452
34111247070000,0,868373,14817
34111247110000,0,2530190,29530
34111247120000,0,2984589,39442
34111247150000,0,2150174,34822
34111247180000,0,1334381,33023
34111247190000,0,1247033,30641
34111247200000,0,1233643,41220
34111247210000,0,1395623,22646
34111247220000,0,1210176,23523
34111247230000,0,1092737,21250
34111247240000,14333,928888,13745
34111247250000,0,1000973,14539
34111247270000,0,1547237,32790
34111247280000,0,1735005,20133
34111247290000,0,1392347,16146
34111247300000,0,2957547,29529
34111247310000,0,4301816,42230
34111247320000,0,3389007,33847
34111247330000,0,1504555,29158
34111247340000,0,2678349,18677
34111247350000,0,2691186,21154
34111247360000,0,2403829,27451
34111247370000,0,2511950,19443
34111247380000,0,2655418,18140
34111247390000,0,2409114,17119
34111247400000,0,3464863,23541
34111247410000,0,1380982,13366
34111247420000,0,1408852,7753
34111247440000,0,1460905,15145
34111247450000,0,1705519,26876
34111247460000,0,804181,13965
34111247470000,0,1522176,22435
34111247510000,0,1115301,15764
34111247520000,0,1101221,14331
34111247530000,0,1793415,25103
34111247540000,0,795419,3374
34111247560000,0,856958,2969
34111247570000,0,1147992,2771
34111247580000,0,1363130,14144
34111247600000,0,1370515,9437
34111247610000,0,2343277,19114
34111247620000,0,1479258,17192
34111247630000,0,1735242,35070
34111247640000,0,1584164,24367
34111247660000,0,2518117,48494
34111247720000,0,2172304,28160
34111247740000,0,2325124,30241
34111247750000,0,796037,10019
34111247760000,0,897726,11451
34111247770000,0,969328,7354
34111247800000,0,1681141,35502
34111247810000,0,1364101,27892
34111247840000,0,681089,16305
34111247850000,0,858179,12232
34111247860000,0,903553,20414
34111247910000,0,3002053,59488
34111247920000,0,2285936,33955
34111247930000,0,2167518,38154
34111247950000,0,1762792,21709
34111247970000,0,2227740,59609
34111247980000,0,1606160,23317
34111247990000,0,2157406,33870
34111248000000,0,2443460,41117
34111248010000,0,1909325,9919
34111248020000,0,877192,4085
34111248030000,0,976863,12007
34111248040000,0,1212481,18585
34111248050000,0,1818460,20291
34111248060000,0,1311974,17418
34111248070000,0,1270167,17032
34111248080000,0,2180629,87565
34111248090000,0,1051549,13571
34111248100000,0,2675355,56532
34111248110000,0,4017533,92131
34111248120000,0,5504729,114716
34111248130000,0,5503024,141781
34111248140000,0,4158375,79766
34111248150000,0,1695111,21888
34111248160000,0,2537064,32770
34111248180000,86496,1039990,33171
34111248200000,0,1455431,41171
34111248210000,0,1326324,29699
34111248220000,0,1691081,32485
34111248230100,0,565877,17132
34111248240000,0,708224,15780
34111248250000,0,1329933,19337
34111248260000,0,2947082,50059
34111248270000,0,2784832,52741
34111248280000,0,2624579,53289
34111248290000,0,3334875,70921
34111248320000,0,3552132,56683
34111248330000,0,2523629,41228
34111248340000,0,2706996,35581
34111248350000,0,4257414,42556
34111248360000,0,3005269,26449
34111248370000,0,2404996,43177
34111248380000,0,2220088,50700
34111248390000,0,3802405,88493
34111248400000,0,2843871,59332
34111248410000,0,2665804,53234
34111248420000,0,1670952,4263
34111248430000,0,1447289,4547
34111248440000,0,3088560,70980
34111248450000,0,3165863,75251
34111248460000,0,3135049,56023
34111248470000,0,1848022,44178
34111248480000,0,2656610,48085
34111248510000,0,2925708,75550
34111248520000,0,3001497,76485
34111248530000,0,6471541,118733
34111248540000,0,7192588,90620
34111248550000,0,6766413,135079
34111248560000,0,6590058,156459
34111248570000,43097,939780,28942
34111248580000,66177,1240548,30409
34111248590000,35296,895635,29151
34111248600000,46383,1079423,36935
34111248630000,0,842587,0
34111248640000,0,674372,0
34111248650000,0,6621960,59892
34111248660000,0,5337144,59837
34111248670000,0,4516650,55259
34111248700000,72012,2224805,68297
34111248710000,67860,1760783,117644
34111248720000,87817,2277983,57937
34111248740000,0,3997445,68337
34111248770000,10542,1052454,18732
34111248780000,27409,1745841,28368
34111248790000,10136,1015546,21790
34111248800000,11196,1059566,20618
34111248810000,0,3417808,55209
34111248820000,0,2974750,49078
34111248830000,0,6884279,76709
34111248840000,0,6980821,76460
34111248850000,0,6995497,63792
34111248880000,0,850321,11921
34111248890000,0,817859,13427
34111248940000,146711,2014626,84963
34111248950000,110632,1996280,82870
34111248960000,116434,2049738,86874
34111248970000,107833,2021652,94224
34111249010000,0,2911017,49960
34111249020000,0,3111490,41411
34111249030000,0,2879387,48349
34111249040000,0,2777919,52756
34111249050000,0,1845580,81074
34111249060000,0,3564850,82279
34111249070000,0,2847827,75630
34111249080000,0,4426863,64287
34111249100000,0,682874,0
34111249110000,0,696021,0
34111249130000,0,2261632,72709
34111249140000,0,2254226,73030
34111249150000,0,2566778,87575
34111249160000,0,2621000,63227
34115246830000,2269,71740,1160
34115246840000,3145,74849,1158
34119287490100,835,39330,998
34121243420100,0,68492,758
34121243460200,3423,82070,914
34121243480100,1763,49909,1001
34121243490100,1517,121776,4219
34121243500100,986,76486,690
34121243630100,571,125427,0
34121243640100,316,119684,0
34121243650000,239,160108,0
34121243660100,2601,48942,1578
34121243670100,383,86170,1153
34121243870000,1182,94332,402
34121243890000,1887,78727,688
34121243930000,271,29857,735
34121243940100,676,45233,674
34121243960100,685,241147,1122
34121243980100,79,80231,1565
34121243990000,839,93290,1476
34121244000000,2134,78251,751
34121244030000,389,50406,820
34121244040000,1287,152973,2388
34121244050000,768,52231,148
34121244070000,2389,87765,578
34121244080000,3041,99081,738
34121244090000,2874,102098,693
34121244100000,4716,100165,1335
34121244110000,5755,152538,1369
34121244120000,4578,116215,1020
34121244130000,139,86250,1286
34121244140000,417,288028,1460
34121244150000,308,26934,306
34121244160000,0,51,5
34121244170000,50,31993,502
34121244180100,332,130267,2865
34121244190000,96,27736,464
34121244230000,3876,198420,1476
34121244240000,2759,166547,1015
34121244250000,1930,187931,697
34121244270000,4824,94390,1174
34121244280000,6846,107073,1488
34121244290000,7412,145114,1797
34121244310000,5008,150974,1071
34121244320000,6106,186958,1298
34121244330000,6758,198914,1462
34121244350000,551,143457,1923
34121244360000,392,175610,1244
34121244370000,714,217057,2830
34121244410000,576,139870,1152
34121244420000,389,124309,1323
34121244430000,559,81626,931
34121244440000,698,116370,1522
34121244460100,507,98655,1825
34121244480000,622,153067,1284
34121244490000,1791,167559,483
34121244500000,1732,175861,471
34121244530000,1041,181204,2550
34121244540000,1020,217487,2032
34121244550000,958,233143,2022
34121244620000,145,257904,1439
34121244630000,130,230723,1288
34121244640000,123,218045,1231
34121244650000,1301,114174,873
34121244660000,1905,163712,1230
34121244670000,166,294378,3617
34121244700100,0,336038,4735
34121244710000,9120,136161,2001
34121244720000,7522,133825,1631
34121244730000,160,285446,1603
34121244740000,505,72877,558
34121244770000,167,294235,1985
34121244780000,182,315137,2143
34121244810000,268,478915,3530
34121244820000,158,287909,2120
34121244830000,618,360787,4070
34121244840000,1296,478689,9686
34121244850000,743,199714,2954
34121244860000,480,193174,1376
34121244870000,383,173532,1349
34121244880000,494,353742,3566
34121244890000,482,352431,3527
34121244920000,448,161255,1167
34121244930000,166,295690,2008
34121244940000,490,247875,1768
34121244950000,585,420652,4886
34121244960000,555,201062,936
34121244970000,1235,218849,2559
34121244980000,945,243402,1509
34121244990000,630,242212,2245
34121245000000,495,228794,1275
34121245020000,360,216481,860
34121245030000,312,158993,998
34121245040000,1099,259786,2157
34121245050000,608,178125,1011
34121245060000,2703,256741,6248
34121245070000,779,271312,1171
34121245080000,0,23581,4783
34121245090000,60,84013,5451
34121245100000,105,194798,3926
34121245110000,576,204790,1443
34121245120000,480,171192,1235
34121245130000,553,197553,1429
34121245140000,1562,229399,304
34121245150000,8780,165781,2100
34121245160000,16778,205841,3937
34121245170000,945,288631,4709
34121245180000,1109,201957,2144
34121245190000,0,0,0
34121245210000,0,0,0
34121245230000,1536,165455,2404
34121245240000,2366,107011,4846
34121245290000,1388,235767,2597
34121245300000,212,257255,2945
34121245310000,335,404080,4624
34121245320000,167,305333,3733
34121245330000,230,411265,5046
34121245350000,156,281287,3453
34121245360000,2791,800645,6449
34121245370000,2469,760601,5930
34121245380000,3844,1014060,8667
34121245390000,1637,787298,6279
34121245400000,2069,1043368,8070
34121245420000,6615,84869,1771
34121245470100,3943,53046,1167
34121245480000,4644,484009,4317
34121245490000,4593,387434,4867
34121245500000,0,577864,5432
34121245510000,0,228155,2168
34121245520000,0,209667,2422
34121245530000,14925,663316,33400
34121245540000,9840,347705,24148
34121245780000,3100,378797,365
34121245790000,1159,620626,193
34121245800000,1158,601223,192
34121245810000,6563,370144,16196
34121245840000,3404,807817,26349
34121245890000,1385,567599,6125
34121245900000,2224,595627,14248
34121245920000,484,536776,7233
34121245940000,372,406660,5490
34121245960000,374,409383,5526
34121245970000,382,502125,7232
34121245980000,343,453345,6531
34121245990000,0,804176,9028
34121246000000,0,538062,9863
34121246010000,216,316095,3511
34121246020000,275,414847,4727
34121246030000,211,294118,3321
34121246040000,224,293437,3616
34121246050000,261,329880,4086
34121246060000,236,306602,3767
34121246070000,2951,350903,20119
34121246090000,553,961293,9879
34121246100000,408,713564,7484
34121246120000,375,384387,7096
34121246130000,485,621887,7581
34121246140000,387,428020,7469
34121246150000,10560,644836,15983
34121246160000,7651,1404146,10764
34121246170000,7086,1175337,11106
34121246180000,6499,1221004,9141
34121246190000,6540,1187400,10371
34121246210000,1386,591337,8754
34121246220000,1630,695780,10287
34121246230000,1855,791421,11717
34121246270000,1679,1679512,13350
34121246280000,1091,1209283,11934
34121246290000,1310,1514698,9619
34121246300000,797,1020612,5669
34121246310000,846,1125441,5958
34121246320000,901,706187,4743
34121246370000,9126,419296,19717
34121246400000,36961,914717,46177
34121246410000,51740,1189633,37721
34121246420000,39469,786147,46871
34121246430000,48391,926416,47289
34121246490100,0,0,18554
34133244300100,0,62088,325
34151257350000,0,0,0
34151257470100,842,67812,266
34155240570100,253,34655,375
34155240640100,1242,60164,814
34155240660100,0,0,0
34155240680000,337,94966,0
34155240700100,270,42260,885
34155240730000,163,47690,681
34155240800000,0,86251,37
34157254830100,1477,56542,813
34157254850100,172,77737,212
34157254940000,0,0,0
34157254990100,989,54965,2244
34157255080000,5896,80016,1494
34157255140000,0,14,0
34157255170100,7888,71038,905
34167297200100,1742,239470,3263
34167297210100,310,55974,905
34167297230000,3245,351877,5066
34167297240100,3339,443570,7817
34167297250000,797,37125,1724
34167297290000,273,51375,897
34167297300000,744,137572,2274
34167297320100,999,256092,6448
34167297570100,0,413342,8510
34167297590000,3286,79188,1028
34167297610100,3574,68950,1388
34169256690100,175,62210,127
